-- phpMyAdmin SQL Dump
-- version 4.5.1
-- http://www.phpmyadmin.net
--
-- Host: 127.0.0.1
-- Czas generowania: 16 Sty 2017, 23:56
-- Wersja serwera: 10.1.16-MariaDB
-- Wersja PHP: 5.6.24

SET SQL_MODE = "NO_AUTO_VALUE_ON_ZERO";
SET time_zone = "+00:00";


/*!40101 SET @OLD_CHARACTER_SET_CLIENT=@@CHARACTER_SET_CLIENT */;
/*!40101 SET @OLD_CHARACTER_SET_RESULTS=@@CHARACTER_SET_RESULTS */;
/*!40101 SET @OLD_COLLATION_CONNECTION=@@COLLATION_CONNECTION */;
/*!40101 SET NAMES utf8mb4 */;

--
-- Baza danych: `bdprojekt`
--

-- --------------------------------------------------------

--
-- Struktura tabeli dla tabeli `deposit`
--

CREATE TABLE `deposit` (
  `deposit_id` int(11) NOT NULL,
  `amount` float NOT NULL,
  `user_id` int(11) NOT NULL,
  `loan_id` int(11) NOT NULL,
  `status` enum('users','lost') CHARACTER SET latin1 NOT NULL DEFAULT 'users',
  `created_at` timestamp NOT NULL DEFAULT CURRENT_TIMESTAMP ON UPDATE CURRENT_TIMESTAMP,
  `updated_at` timestamp NOT NULL DEFAULT '0000-00-00 00:00:00' ON UPDATE CURRENT_TIMESTAMP
) ENGINE=InnoDB DEFAULT CHARSET=utf8;

--
-- Zrzut danych tabeli `deposit`
--

INSERT INTO `deposit` (`deposit_id`, `amount`, `user_id`, `loan_id`, `status`, `created_at`, `updated_at`) VALUES
(1, 1000, 1, 1, 'users', '2017-01-16 21:43:22', '2017-01-16 21:43:22'),
(2, 1000, 1, 2, 'users', '2017-01-16 21:45:32', '2017-01-16 21:45:32'),
(3, 5000, 1, 3, 'users', '2017-01-16 21:48:02', '2017-01-16 21:48:02'),
(4, 1000, 1, 4, 'users', '2017-01-16 21:48:42', '2017-01-16 21:48:42');

-- --------------------------------------------------------

--
-- Struktura tabeli dla tabeli `installments`
--

CREATE TABLE `installments` (
  `installments_id` int(11) NOT NULL,
  `user_id` int(11) NOT NULL,
  `loan_id` int(11) NOT NULL,
  `amount` decimal(10,2) DEFAULT NULL,
  `interests` decimal(10,2) DEFAULT NULL,
  `status` enum('paid','not_paid','overdue','lost') NOT NULL DEFAULT 'not_paid',
  `pay_time` timestamp NULL DEFAULT NULL,
  `created_at` timestamp NULL DEFAULT CURRENT_TIMESTAMP,
  `updated_at` timestamp NULL DEFAULT '0000-00-00 00:00:00' ON UPDATE CURRENT_TIMESTAMP
) ENGINE=InnoDB DEFAULT CHARSET=latin1;

--
-- Zrzut danych tabeli `installments`
--

INSERT INTO `installments` (`installments_id`, `user_id`, `loan_id`, `amount`, `interests`, `status`, `pay_time`, `created_at`, `updated_at`) VALUES
(1, 1, 1, '275.00', '25.00', 'paid', '2017-02-15 23:00:00', '2017-01-16 21:43:22', '2017-01-16 21:49:11'),
(2, 1, 1, '275.00', '25.00', 'paid', '2017-03-15 23:00:00', '2017-01-16 21:43:23', '2017-01-16 21:49:13'),
(3, 1, 1, '275.00', '25.00', 'not_paid', '2017-04-15 22:00:00', '2017-01-16 21:43:23', '2017-01-16 21:43:23'),
(4, 1, 1, '275.00', '25.00', 'not_paid', '2017-05-15 22:00:00', '2017-01-16 21:43:23', '2017-01-16 21:43:23'),
(5, 1, 1, '275.00', '25.00', 'not_paid', '2017-06-15 22:00:00', '2017-01-16 21:43:23', '2017-01-16 21:43:23'),
(6, 1, 1, '275.00', '25.00', 'not_paid', '2017-07-15 22:00:00', '2017-01-16 21:43:23', '2017-01-16 21:43:23'),
(7, 1, 1, '275.00', '25.00', 'not_paid', '2017-08-15 22:00:00', '2017-01-16 21:43:23', '2017-01-16 21:43:23'),
(8, 1, 1, '275.00', '25.00', 'not_paid', '2017-09-15 22:00:00', '2017-01-16 21:43:23', '2017-01-16 21:43:23'),
(9, 1, 1, '275.00', '25.00', 'not_paid', '2017-10-15 22:00:00', '2017-01-16 21:43:23', '2017-01-16 21:43:23'),
(10, 1, 1, '275.00', '25.00', 'not_paid', '2017-11-15 23:00:00', '2017-01-16 21:43:23', '2017-01-16 21:43:23'),
(11, 1, 1, '275.00', '25.00', 'not_paid', '2017-12-15 23:00:00', '2017-01-16 21:43:23', '2017-01-16 21:43:23'),
(12, 1, 1, '275.00', '25.00', 'not_paid', '2018-01-15 23:00:00', '2017-01-16 21:43:23', '2017-01-16 21:43:23'),
(13, 1, 1, '275.00', '25.00', 'not_paid', '2018-02-15 23:00:00', '2017-01-16 21:43:23', '2017-01-16 21:43:23'),
(14, 1, 1, '275.00', '25.00', 'not_paid', '2018-03-15 23:00:00', '2017-01-16 21:43:23', '2017-01-16 21:43:23'),
(15, 1, 1, '275.00', '25.00', 'not_paid', '2018-04-15 22:00:00', '2017-01-16 21:43:23', '2017-01-16 21:43:23'),
(16, 1, 1, '275.00', '25.00', 'not_paid', '2018-05-15 22:00:00', '2017-01-16 21:43:23', '2017-01-16 21:43:23'),
(17, 1, 1, '275.00', '25.00', 'not_paid', '2018-06-15 22:00:00', '2017-01-16 21:43:23', '2017-01-16 21:43:23'),
(18, 1, 1, '275.00', '25.00', 'not_paid', '2018-07-15 22:00:00', '2017-01-16 21:43:23', '2017-01-16 21:43:23'),
(19, 1, 1, '275.00', '25.00', 'not_paid', '2018-08-15 22:00:00', '2017-01-16 21:43:23', '2017-01-16 21:43:23'),
(20, 1, 1, '275.00', '25.00', 'not_paid', '2018-09-15 22:00:00', '2017-01-16 21:43:23', '2017-01-16 21:43:23'),
(21, 1, 1, '275.00', '25.00', 'not_paid', '2018-10-15 22:00:00', '2017-01-16 21:43:23', '2017-01-16 21:43:23'),
(22, 1, 1, '275.00', '25.00', 'not_paid', '2018-11-15 23:00:00', '2017-01-16 21:43:23', '2017-01-16 21:43:23'),
(23, 1, 1, '275.00', '25.00', 'not_paid', '2018-12-15 23:00:00', '2017-01-16 21:43:23', '2017-01-16 21:43:23'),
(24, 1, 1, '275.00', '25.00', 'not_paid', '2019-01-15 23:00:00', '2017-01-16 21:43:23', '2017-01-16 21:43:23'),
(25, 1, 1, '275.00', '25.00', 'not_paid', '2019-02-15 23:00:00', '2017-01-16 21:43:23', '2017-01-16 21:43:23'),
(26, 1, 1, '275.00', '25.00', 'not_paid', '2019-03-15 23:00:00', '2017-01-16 21:43:23', '2017-01-16 21:43:23'),
(27, 1, 1, '275.00', '25.00', 'not_paid', '2019-04-15 22:00:00', '2017-01-16 21:43:23', '2017-01-16 21:43:23'),
(28, 1, 1, '275.00', '25.00', 'not_paid', '2019-05-15 22:00:00', '2017-01-16 21:43:23', '2017-01-16 21:43:23'),
(29, 1, 1, '275.00', '25.00', 'not_paid', '2019-06-15 22:00:00', '2017-01-16 21:43:23', '2017-01-16 21:43:23'),
(30, 1, 1, '275.00', '25.00', 'not_paid', '2019-07-15 22:00:00', '2017-01-16 21:43:23', '2017-01-16 21:43:23'),
(31, 1, 1, '275.00', '25.00', 'not_paid', '2019-08-15 22:00:00', '2017-01-16 21:43:23', '2017-01-16 21:43:23'),
(32, 1, 1, '275.00', '25.00', 'not_paid', '2019-09-15 22:00:00', '2017-01-16 21:43:23', '2017-01-16 21:43:23'),
(33, 1, 1, '275.00', '25.00', 'not_paid', '2019-10-15 22:00:00', '2017-01-16 21:43:23', '2017-01-16 21:43:23'),
(34, 1, 1, '275.00', '25.00', 'not_paid', '2019-11-15 23:00:00', '2017-01-16 21:43:23', '2017-01-16 21:43:23'),
(35, 1, 1, '275.00', '25.00', 'not_paid', '2019-12-15 23:00:00', '2017-01-16 21:43:23', '2017-01-16 21:43:23'),
(36, 1, 1, '275.00', '25.00', 'not_paid', '2020-01-15 23:00:00', '2017-01-16 21:43:23', '2017-01-16 21:43:23'),
(37, 1, 1, '275.00', '25.00', 'not_paid', '2020-02-15 23:00:00', '2017-01-16 21:43:23', '2017-01-16 21:43:23'),
(38, 1, 1, '275.00', '25.00', 'not_paid', '2020-03-15 23:00:00', '2017-01-16 21:43:23', '2017-01-16 21:43:23'),
(39, 1, 1, '275.00', '25.00', 'not_paid', '2020-04-15 22:00:00', '2017-01-16 21:43:23', '2017-01-16 21:43:23'),
(40, 1, 1, '275.00', '25.00', 'not_paid', '2020-05-15 22:00:00', '2017-01-16 21:43:23', '2017-01-16 21:43:23'),
(41, 1, 2, '275.00', '25.00', 'not_paid', '2017-02-15 23:00:00', '2017-01-16 21:45:32', '2017-01-16 21:45:32'),
(42, 1, 2, '275.00', '25.00', 'not_paid', '2017-03-15 23:00:00', '2017-01-16 21:45:32', '2017-01-16 21:45:32'),
(43, 1, 2, '275.00', '25.00', 'not_paid', '2017-04-15 22:00:00', '2017-01-16 21:45:32', '2017-01-16 21:45:32'),
(44, 1, 2, '275.00', '25.00', 'not_paid', '2017-05-15 22:00:00', '2017-01-16 21:45:32', '2017-01-16 21:45:32'),
(45, 1, 2, '275.00', '25.00', 'not_paid', '2017-06-15 22:00:00', '2017-01-16 21:45:32', '2017-01-16 21:45:32'),
(46, 1, 2, '275.00', '25.00', 'not_paid', '2017-07-15 22:00:00', '2017-01-16 21:45:32', '2017-01-16 21:45:32'),
(47, 1, 2, '275.00', '25.00', 'not_paid', '2017-08-15 22:00:00', '2017-01-16 21:45:32', '2017-01-16 21:45:32'),
(48, 1, 2, '275.00', '25.00', 'not_paid', '2017-09-15 22:00:00', '2017-01-16 21:45:32', '2017-01-16 21:45:32'),
(49, 1, 2, '275.00', '25.00', 'not_paid', '2017-10-15 22:00:00', '2017-01-16 21:45:32', '2017-01-16 21:45:32'),
(50, 1, 2, '275.00', '25.00', 'not_paid', '2017-11-15 23:00:00', '2017-01-16 21:45:32', '2017-01-16 21:45:32'),
(51, 1, 2, '275.00', '25.00', 'not_paid', '2017-12-15 23:00:00', '2017-01-16 21:45:32', '2017-01-16 21:45:32'),
(52, 1, 2, '275.00', '25.00', 'not_paid', '2018-01-15 23:00:00', '2017-01-16 21:45:32', '2017-01-16 21:45:32'),
(53, 1, 2, '275.00', '25.00', 'not_paid', '2018-02-15 23:00:00', '2017-01-16 21:45:32', '2017-01-16 21:45:32'),
(54, 1, 2, '275.00', '25.00', 'not_paid', '2018-03-15 23:00:00', '2017-01-16 21:45:32', '2017-01-16 21:45:32'),
(55, 1, 2, '275.00', '25.00', 'not_paid', '2018-04-15 22:00:00', '2017-01-16 21:45:32', '2017-01-16 21:45:32'),
(56, 1, 2, '275.00', '25.00', 'not_paid', '2018-05-15 22:00:00', '2017-01-16 21:45:32', '2017-01-16 21:45:32'),
(57, 1, 2, '275.00', '25.00', 'not_paid', '2018-06-15 22:00:00', '2017-01-16 21:45:32', '2017-01-16 21:45:32'),
(58, 1, 2, '275.00', '25.00', 'not_paid', '2018-07-15 22:00:00', '2017-01-16 21:45:32', '2017-01-16 21:45:32'),
(59, 1, 2, '275.00', '25.00', 'not_paid', '2018-08-15 22:00:00', '2017-01-16 21:45:32', '2017-01-16 21:45:32'),
(60, 1, 2, '275.00', '25.00', 'not_paid', '2018-09-15 22:00:00', '2017-01-16 21:45:32', '2017-01-16 21:45:32'),
(61, 1, 2, '275.00', '25.00', 'not_paid', '2018-10-15 22:00:00', '2017-01-16 21:45:32', '2017-01-16 21:45:32'),
(62, 1, 2, '275.00', '25.00', 'not_paid', '2018-11-15 23:00:00', '2017-01-16 21:45:32', '2017-01-16 21:45:32'),
(63, 1, 2, '275.00', '25.00', 'not_paid', '2018-12-15 23:00:00', '2017-01-16 21:45:32', '2017-01-16 21:45:32'),
(64, 1, 2, '275.00', '25.00', 'not_paid', '2019-01-15 23:00:00', '2017-01-16 21:45:32', '2017-01-16 21:45:32'),
(65, 1, 2, '275.00', '25.00', 'not_paid', '2019-02-15 23:00:00', '2017-01-16 21:45:32', '2017-01-16 21:45:32'),
(66, 1, 2, '275.00', '25.00', 'not_paid', '2019-03-15 23:00:00', '2017-01-16 21:45:32', '2017-01-16 21:45:32'),
(67, 1, 2, '275.00', '25.00', 'not_paid', '2019-04-15 22:00:00', '2017-01-16 21:45:32', '2017-01-16 21:45:32'),
(68, 1, 2, '275.00', '25.00', 'not_paid', '2019-05-15 22:00:00', '2017-01-16 21:45:32', '2017-01-16 21:45:32'),
(69, 1, 2, '275.00', '25.00', 'not_paid', '2019-06-15 22:00:00', '2017-01-16 21:45:32', '2017-01-16 21:45:32'),
(70, 1, 2, '275.00', '25.00', 'not_paid', '2019-07-15 22:00:00', '2017-01-16 21:45:32', '2017-01-16 21:45:32'),
(71, 1, 2, '275.00', '25.00', 'not_paid', '2019-08-15 22:00:00', '2017-01-16 21:45:32', '2017-01-16 21:45:32'),
(72, 1, 2, '275.00', '25.00', 'not_paid', '2019-09-15 22:00:00', '2017-01-16 21:45:32', '2017-01-16 21:45:32'),
(73, 1, 2, '275.00', '25.00', 'not_paid', '2019-10-15 22:00:00', '2017-01-16 21:45:32', '2017-01-16 21:45:32'),
(74, 1, 2, '275.00', '25.00', 'not_paid', '2019-11-15 23:00:00', '2017-01-16 21:45:32', '2017-01-16 21:45:32'),
(75, 1, 2, '275.00', '25.00', 'not_paid', '2019-12-15 23:00:00', '2017-01-16 21:45:32', '2017-01-16 21:45:32'),
(76, 1, 2, '275.00', '25.00', 'not_paid', '2020-01-15 23:00:00', '2017-01-16 21:45:32', '2017-01-16 21:45:32'),
(77, 1, 2, '275.00', '25.00', 'not_paid', '2020-02-15 23:00:00', '2017-01-16 21:45:32', '2017-01-16 21:45:32'),
(78, 1, 2, '275.00', '25.00', 'not_paid', '2020-03-15 23:00:00', '2017-01-16 21:45:32', '2017-01-16 21:45:32'),
(79, 1, 2, '275.00', '25.00', 'not_paid', '2020-04-15 22:00:00', '2017-01-16 21:45:32', '2017-01-16 21:45:32'),
(80, 1, 2, '275.00', '25.00', 'not_paid', '2020-05-15 22:00:00', '2017-01-16 21:45:32', '2017-01-16 21:45:32'),
(81, 1, 3, '1833.33', '166.67', 'not_paid', '2017-02-15 23:00:00', '2017-01-16 21:48:02', '2017-01-16 21:48:02'),
(82, 1, 3, '1833.33', '166.67', 'not_paid', '2017-03-15 23:00:00', '2017-01-16 21:48:02', '2017-01-16 21:48:02'),
(83, 1, 3, '1833.33', '166.67', 'not_paid', '2017-04-15 22:00:00', '2017-01-16 21:48:02', '2017-01-16 21:48:02'),
(84, 1, 3, '1833.33', '166.67', 'not_paid', '2017-05-15 22:00:00', '2017-01-16 21:48:02', '2017-01-16 21:48:02'),
(85, 1, 3, '1833.33', '166.67', 'not_paid', '2017-06-15 22:00:00', '2017-01-16 21:48:02', '2017-01-16 21:48:02'),
(86, 1, 3, '1833.33', '166.67', 'not_paid', '2017-07-15 22:00:00', '2017-01-16 21:48:02', '2017-01-16 21:48:02'),
(87, 1, 3, '1833.33', '166.67', 'not_paid', '2017-08-15 22:00:00', '2017-01-16 21:48:02', '2017-01-16 21:48:02'),
(88, 1, 3, '1833.33', '166.67', 'not_paid', '2017-09-15 22:00:00', '2017-01-16 21:48:02', '2017-01-16 21:48:02'),
(89, 1, 3, '1833.33', '166.67', 'not_paid', '2017-10-15 22:00:00', '2017-01-16 21:48:02', '2017-01-16 21:48:02'),
(90, 1, 3, '1833.33', '166.67', 'not_paid', '2017-11-15 23:00:00', '2017-01-16 21:48:02', '2017-01-16 21:48:02'),
(91, 1, 3, '1833.33', '166.67', 'not_paid', '2017-12-15 23:00:00', '2017-01-16 21:48:02', '2017-01-16 21:48:02'),
(92, 1, 3, '1833.33', '166.67', 'not_paid', '2018-01-15 23:00:00', '2017-01-16 21:48:02', '2017-01-16 21:48:02'),
(93, 1, 3, '1833.33', '166.67', 'not_paid', '2018-02-15 23:00:00', '2017-01-16 21:48:02', '2017-01-16 21:48:02'),
(94, 1, 3, '1833.33', '166.67', 'not_paid', '2018-03-15 23:00:00', '2017-01-16 21:48:02', '2017-01-16 21:48:02'),
(95, 1, 3, '1833.33', '166.67', 'not_paid', '2018-04-15 22:00:00', '2017-01-16 21:48:02', '2017-01-16 21:48:02'),
(96, 1, 3, '1833.33', '166.67', 'not_paid', '2018-05-15 22:00:00', '2017-01-16 21:48:02', '2017-01-16 21:48:02'),
(97, 1, 3, '1833.33', '166.67', 'not_paid', '2018-06-15 22:00:00', '2017-01-16 21:48:02', '2017-01-16 21:48:02'),
(98, 1, 3, '1833.33', '166.67', 'not_paid', '2018-07-15 22:00:00', '2017-01-16 21:48:02', '2017-01-16 21:48:02'),
(99, 1, 3, '1833.33', '166.67', 'not_paid', '2018-08-15 22:00:00', '2017-01-16 21:48:02', '2017-01-16 21:48:02'),
(100, 1, 3, '1833.33', '166.67', 'not_paid', '2018-09-15 22:00:00', '2017-01-16 21:48:02', '2017-01-16 21:48:02'),
(101, 1, 3, '1833.33', '166.67', 'not_paid', '2018-10-15 22:00:00', '2017-01-16 21:48:02', '2017-01-16 21:48:02'),
(102, 1, 3, '1833.33', '166.67', 'not_paid', '2018-11-15 23:00:00', '2017-01-16 21:48:02', '2017-01-16 21:48:02'),
(103, 1, 3, '1833.33', '166.67', 'not_paid', '2018-12-15 23:00:00', '2017-01-16 21:48:02', '2017-01-16 21:48:02'),
(104, 1, 3, '1833.33', '166.67', 'not_paid', '2019-01-15 23:00:00', '2017-01-16 21:48:02', '2017-01-16 21:48:02'),
(105, 1, 3, '1833.33', '166.67', 'not_paid', '2019-02-15 23:00:00', '2017-01-16 21:48:02', '2017-01-16 21:48:02'),
(106, 1, 3, '1833.33', '166.67', 'not_paid', '2019-03-15 23:00:00', '2017-01-16 21:48:02', '2017-01-16 21:48:02'),
(107, 1, 3, '1833.33', '166.67', 'not_paid', '2019-04-15 22:00:00', '2017-01-16 21:48:02', '2017-01-16 21:48:02'),
(108, 1, 3, '1833.33', '166.67', 'not_paid', '2019-05-15 22:00:00', '2017-01-16 21:48:02', '2017-01-16 21:48:02'),
(109, 1, 3, '1833.33', '166.67', 'not_paid', '2019-06-15 22:00:00', '2017-01-16 21:48:02', '2017-01-16 21:48:02'),
(110, 1, 3, '1833.33', '166.67', 'not_paid', '2019-07-15 22:00:00', '2017-01-16 21:48:02', '2017-01-16 21:48:02'),
(111, 1, 4, '660.00', '60.00', 'paid', '2017-02-15 23:00:00', '2017-01-16 21:48:42', '2017-01-16 21:54:22'),
(112, 1, 4, '660.00', '60.00', 'paid', '2017-03-15 23:00:00', '2017-01-16 21:48:42', '2017-01-16 21:54:24'),
(113, 1, 4, '660.00', '60.00', 'not_paid', '2017-04-15 22:00:00', '2017-01-16 21:48:42', '2017-01-16 21:48:42'),
(114, 1, 4, '660.00', '60.00', 'not_paid', '2017-05-15 22:00:00', '2017-01-16 21:48:42', '2017-01-16 21:48:42'),
(115, 1, 4, '660.00', '60.00', 'not_paid', '2017-06-15 22:00:00', '2017-01-16 21:48:42', '2017-01-16 21:48:42');

-- --------------------------------------------------------

--
-- Struktura tabeli dla tabeli `loan`
--

CREATE TABLE `loan` (
  `loan_id` int(11) NOT NULL,
  `amount` decimal(10,2) DEFAULT NULL,
  `interests` decimal(10,2) NOT NULL,
  `installments_number` int(11) NOT NULL,
  `user_id` int(11) NOT NULL,
  `loan_end_date` timestamp NOT NULL DEFAULT CURRENT_TIMESTAMP ON UPDATE CURRENT_TIMESTAMP,
  `status` enum('paid_out','not_paid_out') NOT NULL DEFAULT 'not_paid_out',
  `created_at` timestamp NULL DEFAULT NULL,
  `updated_at` timestamp NULL DEFAULT NULL ON UPDATE CURRENT_TIMESTAMP
) ENGINE=InnoDB DEFAULT CHARSET=latin1;

--
-- Zrzut danych tabeli `loan`
--

INSERT INTO `loan` (`loan_id`, `amount`, `interests`, `installments_number`, `user_id`, `loan_end_date`, `status`, `created_at`, `updated_at`) VALUES
(1, '10000.00', '1000.00', 40, 1, '2020-05-15 22:00:00', 'not_paid_out', '2017-01-16 21:43:22', '2017-01-16 21:43:22'),
(2, '10000.00', '1000.00', 40, 1, '2020-05-15 22:00:00', 'not_paid_out', '2017-01-16 21:45:32', '2017-01-16 21:45:32'),
(3, '50000.00', '5000.00', 30, 1, '2019-07-15 22:00:00', 'not_paid_out', '2017-01-16 21:48:02', '2017-01-16 21:48:02'),
(4, '3000.00', '300.00', 5, 1, '2017-01-16 22:54:10', 'paid_out', '2017-01-16 21:48:42', '2017-01-16 21:54:10');

-- --------------------------------------------------------

--
-- Struktura tabeli dla tabeli `migrations`
--

CREATE TABLE `migrations` (
  `id` int(10) UNSIGNED NOT NULL,
  `migration` varchar(255) COLLATE utf8_unicode_ci NOT NULL,
  `batch` int(11) NOT NULL
) ENGINE=InnoDB DEFAULT CHARSET=utf8 COLLATE=utf8_unicode_ci;

--
-- Zrzut danych tabeli `migrations`
--

INSERT INTO `migrations` (`id`, `migration`, `batch`) VALUES
(1, '2014_10_12_000000_create_users_table', 1),
(2, '2014_10_12_100000_create_password_resets_table', 1);

-- --------------------------------------------------------

--
-- Struktura tabeli dla tabeli `password_resets`
--

CREATE TABLE `password_resets` (
  `email` varchar(255) COLLATE utf8_unicode_ci NOT NULL,
  `token` varchar(255) COLLATE utf8_unicode_ci NOT NULL,
  `created_at` timestamp NULL DEFAULT NULL
) ENGINE=InnoDB DEFAULT CHARSET=utf8 COLLATE=utf8_unicode_ci;

-- --------------------------------------------------------

--
-- Struktura tabeli dla tabeli `users`
--

CREATE TABLE `users` (
  `id` int(10) NOT NULL,
  `name` varchar(15) CHARACTER SET latin1 NOT NULL,
  `surname` varchar(40) CHARACTER SET latin1 DEFAULT NULL,
  `email` varchar(255) CHARACTER SET latin1 NOT NULL,
  `password` varchar(255) CHARACTER SET latin1 NOT NULL,
  `remember_token` varchar(100) CHARACTER SET latin1 DEFAULT NULL,
  `role` enum('admin','user') CHARACTER SET latin1 NOT NULL DEFAULT 'user',
  `created_at` timestamp NULL DEFAULT NULL,
  `updated_at` timestamp NULL DEFAULT NULL ON UPDATE CURRENT_TIMESTAMP
) ENGINE=InnoDB DEFAULT CHARSET=utf8;

--
-- Zrzut danych tabeli `users`
--

INSERT INTO `users` (`id`, `name`, `surname`, `email`, `password`, `remember_token`, `role`, `created_at`, `updated_at`) VALUES
(1, 'Jan', 'Kowalski', 'user@user.pl', '$2y$10$WglqcBEHiUIYv1UwKbXt9eHwUQhiQscN0QPAt2wz/WV7kfLkWP5.W', NULL, 'user', '2017-01-16 21:43:09', '2017-01-16 21:43:09'),
(2, 'admin', 'admin', 'admin@admin.pl', '$2y$10$73Bl8TveRW/Y6AHLLqHqD.e20ZxfxpSD/IxcjsJUuTUyIXVkAtE2u', NULL, 'admin', '2017-01-16 21:47:10', '2017-01-16 22:47:27');

--
-- Indeksy dla zrzutów tabel
--

--
-- Indexes for table `deposit`
--
ALTER TABLE `deposit`
  ADD PRIMARY KEY (`deposit_id`),
  ADD KEY `user_id` (`user_id`,`loan_id`),
  ADD KEY `loan_id` (`loan_id`);

--
-- Indexes for table `installments`
--
ALTER TABLE `installments`
  ADD PRIMARY KEY (`installments_id`),
  ADD KEY `user_id` (`user_id`,`loan_id`),
  ADD KEY `loan_id` (`loan_id`);

--
-- Indexes for table `loan`
--
ALTER TABLE `loan`
  ADD PRIMARY KEY (`loan_id`),
  ADD KEY `user_id` (`user_id`);

--
-- Indexes for table `migrations`
--
ALTER TABLE `migrations`
  ADD PRIMARY KEY (`id`);

--
-- Indexes for table `password_resets`
--
ALTER TABLE `password_resets`
  ADD KEY `password_resets_email_index` (`email`),
  ADD KEY `password_resets_token_index` (`token`);

--
-- Indexes for table `users`
--
ALTER TABLE `users`
  ADD PRIMARY KEY (`id`);

--
-- AUTO_INCREMENT for dumped tables
--

--
-- AUTO_INCREMENT dla tabeli `deposit`
--
ALTER TABLE `deposit`
  MODIFY `deposit_id` int(11) NOT NULL AUTO_INCREMENT, AUTO_INCREMENT=5;
--
-- AUTO_INCREMENT dla tabeli `installments`
--
ALTER TABLE `installments`
  MODIFY `installments_id` int(11) NOT NULL AUTO_INCREMENT, AUTO_INCREMENT=116;
--
-- AUTO_INCREMENT dla tabeli `loan`
--
ALTER TABLE `loan`
  MODIFY `loan_id` int(11) NOT NULL AUTO_INCREMENT, AUTO_INCREMENT=5;
--
-- AUTO_INCREMENT dla tabeli `migrations`
--
ALTER TABLE `migrations`
  MODIFY `id` int(10) UNSIGNED NOT NULL AUTO_INCREMENT, AUTO_INCREMENT=3;
--
-- AUTO_INCREMENT dla tabeli `users`
--
ALTER TABLE `users`
  MODIFY `id` int(10) NOT NULL AUTO_INCREMENT, AUTO_INCREMENT=3;
--
-- Ograniczenia dla zrzutów tabel
--

--
-- Ograniczenia dla tabeli `deposit`
--
ALTER TABLE `deposit`
  ADD CONSTRAINT `deposit_ibfk_1` FOREIGN KEY (`user_id`) REFERENCES `users` (`id`) ON DELETE NO ACTION ON UPDATE NO ACTION;

--
-- Ograniczenia dla tabeli `installments`
--
ALTER TABLE `installments`
  ADD CONSTRAINT `installments_ibfk_1` FOREIGN KEY (`user_id`) REFERENCES `users` (`id`) ON DELETE NO ACTION ON UPDATE NO ACTION;

--
-- Ograniczenia dla tabeli `loan`
--
ALTER TABLE `loan`
  ADD CONSTRAINT `fk_loan_users` FOREIGN KEY (`user_id`) REFERENCES `users` (`id`) ON DELETE NO ACTION ON UPDATE NO ACTION;

/*!40101 SET CHARACTER_SET_CLIENT=@OLD_CHARACTER_SET_CLIENT */;
/*!40101 SET CHARACTER_SET_RESULTS=@OLD_CHARACTER_SET_RESULTS */;
/*!40101 SET COLLATION_CONNECTION=@OLD_COLLATION_CONNECTION */;
